step,event_type,details
4,predator_kill,frog eaten
4,death,frog died
5,birth,new frog
5,birth,new frog
5,birth,new frog
5,birth,new frog
5,death,frog died
5,birth,new frog
5,birth,new frog
5,birth,new frog
5,birth,new frog
5,birth,new frog
5,birth,new frog
5,birth,new frog
5,birth,new frog
5,birth,new frog
5,birth,new frog
5,birth,new frog
5,birth,new frog
6,birth,new frog
6,birth,new frog
6,birth,new frog
6,birth,new frog
6,predator_kill,frog eaten
6,death,frog died
6,birth,new frog
6,birth,new frog
6,birth,new frog
6,birth,new frog
6,birth,new frog
6,birth,new frog
7,birth,new frog
7,birth,new frog
7,birth,new frog
7,birth,new frog
7,birth,new frog
7,birth,new frog
7,birth,new frog
7,birth,new frog
7,birth,new frog
7,birth,new frog
7,birth,new frog
7,birth,new frog
7,birth,new frog
7,birth,new frog
8,birth,new frog
8,birth,new frog
8,birth,new frog
8,birth,new frog
8,birth,new frog
8,birth,new frog
8,birth,new frog
8,birth,new frog
8,birth,new frog
8,birth,new frog
8,birth,new frog
8,birth,new frog
9,birth,new frog
9,birth,new frog
9,birth,new frog
9,birth,new frog
9,birth,new frog
9,birth,new frog
9,birth,new frog
9,birth,new frog
9,birth,new frog
9,birth,new frog
9,birth,new frog
9,birth,new frog
9,death,frog died
10,birth,new frog
10,birth,new frog
10,birth,new frog
10,birth,new frog
10,birth,new frog
10,birth,new frog
10,birth,new frog
10,birth,new frog
10,birth,new frog
10,birth,new frog
10,birth,new frog
10,birth,new frog
10,birth,new frog
10,birth,new frog
10,birth,new frog
10,birth,new frog
10,birth,new frog
10,birth,new frog
10,birth,new frog
10,birth,new frog
11,birth,new frog
11,birth,new frog
11,birth,new frog
11,birth,new frog
11,birth,new frog
11,birth,new frog
11,birth,new frog
11,birth,new frog
11,birth,new frog
11,birth,new frog
11,birth,new frog
11,birth,new frog
11,birth,new frog
11,birth,new frog
11,birth,new frog
11,birth,new frog
11,birth,new frog
11,birth,new frog
12,birth,new frog
12,birth,new frog
12,birth,new frog
12,birth,new frog
12,birth,new frog
12,birth,new frog
12,birth,new frog
12,birth,new frog
12,birth,new frog
12,birth,new frog
12,birth,new frog
12,birth,new frog
12,birth,new frog
12,birth,new frog
12,birth,new frog
12,birth,new frog
12,birth,new frog
12,birth,new frog
13,birth,new frog
13,birth,new frog
13,birth,new frog
13,birth,new frog
13,birth,new frog
13,birth,new frog
13,birth,new frog
13,birth,new frog
13,birth,new frog
13,birth,new frog
13,birth,new frog
13,birth,new frog
13,birth,new frog
13,birth,new frog
13,birth,new frog
13,birth,new frog
13,birth,new frog
13,death,frog died
13,predator_kill,frog eaten
13,death,frog died
14,birth,new frog
14,birth,new frog
14,birth,new frog
14,birth,new frog
14,birth,new frog
14,birth,new frog
14,birth,new frog
14,birth,new frog
14,birth,new frog
14,birth,new frog
14,birth,new frog
14,birth,new frog
14,birth,new frog
14,birth,new frog
14,birth,new frog
14,birth,new frog
14,birth,new frog
14,predator_kill,frog eaten
14,death,frog died
15,birth,new frog
15,birth,new frog
15,birth,new frog
15,birth,new frog
15,birth,new frog
15,birth,new frog
15,birth,new frog
15,birth,new frog
15,birth,new frog
15,birth,new frog
15,birth,new frog
15,birth,new frog
15,birth,new frog
15,birth,new frog
15,birth,new frog
15,birth,new frog
15,birth,new frog
15,birth,new frog
15,birth,new frog
15,death,frog died
15,predator_kill,frog eaten
15,death,frog died
16,birth,new frog
16,birth,new frog
16,birth,new frog
16,birth,new frog
16,birth,new frog
16,birth,new frog
16,birth,new frog
16,death,frog died
16,birth,new frog
16,birth,new frog
16,birth,new frog
16,birth,new frog
16,birth,new frog
16,birth,new frog
16,birth,new frog
16,birth,new frog
16,birth,new frog
16,birth,new frog
16,predator_kill,frog eaten
16,death,frog died
17,predator_kill,frog eaten
17,death,frog died
17,predator_kill,frog eaten
17,death,frog died
17,death,frog died
17,death,frog died
18,death,frog died
18,predator_kill,frog eaten
18,death,frog died
18,predator_kill,frog eaten
18,death,frog died
19,death,frog died
20,death,frog died
20,predator_kill,frog eaten
20,death,frog died
20,death,frog died
21,predator_kill,frog eaten
21,death,frog died
22,death,frog died
22,death,frog died
23,death,frog died
23,death,frog died
24,death,frog died
25,predator_kill,frog eaten
25,death,frog died
25,predator_kill,frog eaten
25,death,frog died
25,death,frog died
26,predator_kill,frog eaten
26,death,frog died
26,predator_kill,frog eaten
26,death,frog died
26,predator_kill,frog eaten
26,death,frog died
27,death,frog died
27,death,frog died
27,predator_kill,frog eaten
27,death,frog died
27,death,frog died
28,predator_kill,frog eaten
28,death,frog died
28,predator_kill,frog eaten
28,death,frog died
28,predator_kill,frog eaten
28,death,frog died
28,death,frog died
28,predator_kill,frog eaten
28,death,frog died
29,predator_kill,frog eaten
29,death,frog died
29,death,frog died
29,predator_kill,frog eaten
29,death,frog died
29,death,frog died
30,predator_kill,frog eaten
30,death,frog died
30,death,frog died
30,death,frog died
30,predator_kill,frog eaten
30,death,frog died
31,death,frog died
31,death,frog died
32,death,frog died
32,death,frog died
33,predator_kill,frog eaten
33,death,frog died
33,predator_kill,frog eaten
33,death,frog died
33,death,frog died
33,predator_kill,frog eaten
33,death,frog died
33,predator_kill,frog eaten
33,death,frog died
33,predator_kill,frog eaten
33,death,frog died
34,predator_kill,frog eaten
34,death,frog died
34,predator_kill,frog eaten
34,death,frog died
34,death,frog died
34,death,frog died
34,predator_kill,frog eaten
34,death,frog died
34,predator_kill,frog eaten
34,death,frog died
35,death,frog died
35,death,frog died
35,death,frog died
35,death,frog died
35,death,frog died
36,death,frog died
36,predator_kill,frog eaten
36,death,frog died
36,death,frog died
36,death,frog died
36,death,frog died
36,death,frog died
36,death,frog died
36,death,frog died
36,death,frog died
36,death,frog died
36,predator_kill,frog eaten
36,death,frog died
36,predator_kill,frog eaten
36,death,frog died
37,death,frog died
37,death,frog died
37,death,frog died
37,death,frog died
37,death,frog died
37,death,frog died
37,death,frog died
37,death,frog died
37,predator_kill,frog eaten
37,death,frog died
37,death,frog died
37,predator_kill,frog eaten
37,death,frog died
37,death,frog died
38,death,frog died
38,death,frog died
38,death,frog died
38,death,frog died
38,predator_kill,frog eaten
38,death,frog died
38,death,frog died
39,death,frog died
39,death,frog died
39,death,frog died
39,death,frog died
39,death,frog died
39,death,frog died
39,death,frog died
39,death,frog died
39,death,frog died
39,death,frog died
39,death,frog died
39,death,frog died
39,death,frog died
39,death,frog died
39,death,frog died
39,death,frog died
39,death,frog died
39,death,frog died
39,death,frog died
39,death,frog died
39,death,frog died
39,death,frog died
39,death,frog died
39,predator_kill,frog eaten
39,death,frog died
39,predator_kill,frog eaten
39,death,frog died
40,death,frog died
40,death,frog died
40,death,frog died
40,death,frog died
40,death,frog died
40,death,frog died
40,death,frog died
40,death,frog died
40,death,frog died
40,death,frog died
40,death,frog died
41,death,frog died
41,predator_kill,frog eaten
41,death,frog died
41,death,frog died
41,death,frog died
41,death,frog died
41,death,frog died
41,death,frog died
41,death,frog died
41,death,frog died
41,death,frog died
41,death,frog died
41,death,frog died
41,death,frog died
41,death,frog died
41,death,frog died
41,death,frog died
41,death,frog died
41,death,frog died
41,death,frog died
41,death,frog died
41,death,frog died
41,death,frog died
41,death,frog died
41,death,frog died
41,death,frog died
41,death,frog died
41,death,frog died
41,predator_kill,frog eaten
41,death,frog died
42,predator_kill,frog eaten
42,death,frog died
42,death,frog died
42,death,frog died
42,death,frog died
42,death,frog died
42,death,frog died
42,death,frog died
42,death,frog died
42,death,frog died
42,death,frog died
42,death,frog died
42,death,frog died
42,death,frog died
42,death,frog died
42,death,frog died
42,death,frog died
42,death,frog died
42,death,frog died
42,death,frog died
42,death,frog died
42,death,frog died
42,death,frog died
42,death,frog died
42,death,frog died
42,death,frog died
42,death,frog died
43,predator_kill,frog eaten
43,death,frog died
43,death,frog died
43,death,frog died
43,death,frog died
43,death,frog died
43,death,frog died
43,death,frog died
43,death,frog died
43,death,frog died
43,death,frog died
43,death,frog died
43,death,frog died
44,death,frog died
45,birth,new frog
45,birth,new frog
45,birth,new frog
45,birth,new frog
45,birth,new frog
45,birth,new frog
45,birth,new frog
45,birth,new frog
45,birth,new frog
45,birth,new frog
45,birth,new frog
45,birth,new frog
45,birth,new frog
45,birth,new frog
45,birth,new frog
45,birth,new frog
45,birth,new frog
45,birth,new frog
45,birth,new frog
45,birth,new frog
45,birth,new frog
45,birth,new frog
45,birth,new frog
45,birth,new frog
45,death,frog died
45,birth,new frog
46,birth,new frog
46,birth,new frog
46,birth,new frog
46,birth,new frog
46,birth,new frog
46,birth,new frog
46,birth,new frog
46,birth,new frog
46,birth,new frog
46,birth,new frog
46,birth,new frog
46,birth,new frog
46,birth,new frog
46,birth,new frog
46,birth,new frog
46,birth,new frog
46,birth,new frog
46,birth,new frog
46,birth,new frog
46,birth,new frog
46,birth,new frog
46,birth,new frog
46,birth,new frog
46,birth,new frog
46,birth,new frog
46,birth,new frog
46,birth,new frog
47,birth,new frog
47,birth,new frog
47,birth,new frog
47,birth,new frog
47,birth,new frog
47,birth,new frog
47,birth,new frog
47,birth,new frog
47,birth,new frog
47,birth,new frog
47,birth,new frog
47,birth,new frog
47,birth,new frog
47,birth,new frog
47,birth,new frog
47,birth,new frog
47,birth,new frog
47,birth,new frog
47,birth,new frog
47,birth,new frog
47,birth,new frog
47,birth,new frog
47,birth,new frog
47,birth,new frog
47,birth,new frog
47,birth,new frog
47,birth,new frog
47,birth,new frog
48,birth,new frog
48,birth,new frog
48,birth,new frog
48,birth,new frog
48,birth,new frog
48,birth,new frog
48,birth,new frog
48,birth,new frog
48,birth,new frog
48,birth,new frog
48,birth,new frog
48,birth,new frog
48,birth,new frog
48,birth,new frog
48,birth,new frog
48,birth,new frog
48,birth,new frog
48,birth,new frog
48,birth,new frog
48,birth,new frog
48,birth,new frog
48,birth,new frog
48,birth,new frog
48,birth,new frog
48,birth,new frog
48,birth,new frog
48,birth,new frog
48,birth,new frog
49,birth,new frog
49,birth,new frog
49,birth,new frog
49,birth,new frog
49,birth,new frog
49,birth,new frog
49,birth,new frog
49,birth,new frog
49,birth,new frog
49,birth,new frog
49,birth,new frog
49,birth,new frog
49,birth,new frog
49,birth,new frog
49,birth,new frog
49,birth,new frog
49,birth,new frog
49,birth,new frog
49,birth,new frog
49,birth,new frog
49,birth,new frog
49,birth,new frog
49,birth,new frog
49,birth,new frog
49,birth,new frog
49,birth,new frog
49,birth,new frog
49,birth,new frog
50,birth,new frog
50,death,frog died
50,birth,new frog
50,death,frog died
50,birth,new frog
50,death,frog died
50,birth,new frog
50,death,frog died
50,birth,new frog
50,death,frog died
50,birth,new frog
50,death,frog died
50,birth,new frog
50,death,frog died
50,birth,new frog
50,death,frog died
50,birth,new frog
50,death,frog died
50,birth,new frog
50,death,frog died
50,birth,new frog
50,death,frog died
50,birth,new frog
50,death,frog died
50,birth,new frog
50,death,frog died
50,birth,new frog
50,death,frog died
50,birth,new frog
50,death,frog died
50,birth,new frog
50,death,frog died
50,birth,new frog
50,death,frog died
50,birth,new frog
50,death,frog died
50,death,frog died
50,birth,new frog
50,death,frog died
50,birth,new frog
50,death,frog died
50,birth,new frog
50,death,frog died
50,death,frog died
50,birth,new frog
50,death,frog died
50,birth,new frog
50,birth,new frog
50,birth,new frog
50,birth,new frog
50,birth,new frog
50,birth,new frog
51,birth,new frog
51,birth,new frog
51,birth,new frog
51,birth,new frog
51,birth,new frog
51,birth,new frog
51,birth,new frog
51,birth,new frog
52,birth,new frog
52,birth,new frog
52,birth,new frog
52,birth,new frog
52,birth,new frog
52,birth,new frog
52,birth,new frog
52,birth,new frog
52,birth,new frog
53,birth,new frog
53,birth,new frog
53,birth,new frog
53,birth,new frog
53,birth,new frog
54,birth,new frog
54,birth,new frog
54,birth,new frog
54,birth,new frog
54,birth,new frog
54,birth,new frog
55,birth,new frog
55,birth,new frog
55,birth,new frog
55,birth,new frog
55,birth,new frog
55,birth,new frog
55,birth,new frog
55,birth,new frog
55,birth,new frog
55,birth,new frog
55,birth,new frog
55,death,frog died
55,death,frog died
55,death,frog died
56,birth,new frog
56,death,frog died
56,birth,new frog
56,death,frog died
56,birth,new frog
56,death,frog died
56,death,frog died
56,death,frog died
56,birth,new frog
56,death,frog died
56,birth,new frog
56,birth,new frog
56,birth,new frog
56,birth,new frog
56,birth,new frog
56,birth,new frog
56,birth,new frog
56,predator_kill,frog eaten
56,death,frog died
57,death,frog died
57,predator_kill,frog eaten
57,death,frog died
58,death,frog died
58,predator_kill,frog eaten
58,death,frog died
59,death,frog died
59,death,frog died
59,death,frog died
60,death,frog died
60,predator_kill,frog eaten
60,death,frog died
62,death,frog died
62,death,frog died
62,death,frog died
62,death,frog died
62,death,frog died
62,death,frog died
62,death,frog died
62,death,frog died
62,death,frog died
62,death,frog died
62,death,frog died
62,predator_kill,frog eaten
62,death,frog died
62,death,frog died
62,predator_kill,frog eaten
62,death,frog died
63,death,frog died
63,death,frog died
63,death,frog died
63,death,frog died
63,death,frog died
63,death,frog died
63,death,frog died
63,death,frog died
63,death,frog died
63,death,frog died
63,death,frog died
63,death,frog died
63,death,frog died
63,death,frog died
63,death,frog died
63,death,frog died
63,death,frog died
63,death,frog died
63,death,frog died
63,death,frog died
63,death,frog died
63,death,frog died
63,death,frog died
63,death,frog died
63,death,frog died
63,death,frog died
63,death,frog died
63,death,frog died
64,death,frog died
64,death,frog died
64,death,frog died
64,death,frog died
64,death,frog died
64,death,frog died
64,death,frog died
64,death,frog died
64,death,frog died
64,death,frog died
64,death,frog died
64,death,frog died
64,death,frog died
64,death,frog died
64,death,frog died
64,death,frog died
64,death,frog died
64,death,frog died
64,death,frog died
64,death,frog died
64,death,frog died
64,death,frog died
64,death,frog died
64,death,frog died
64,death,frog died
64,death,frog died
65,predator_kill,frog eaten
65,death,frog died
65,death,frog died
65,death,frog died
65,death,frog died
65,death,frog died
65,death,frog died
65,death,frog died
65,death,frog died
65,death,frog died
65,death,frog died
65,death,frog died
65,death,frog died
65,death,frog died
65,death,frog died
65,death,frog died
65,death,frog died
65,death,frog died
65,death,frog died
65,death,frog died
65,death,frog died
65,death,frog died
65,death,frog died
65,death,frog died
65,death,frog died
65,death,frog died
65,death,frog died
65,death,frog died
65,death,frog died
65,death,frog died
65,death,frog died
65,predator_kill,frog eaten
65,death,frog died
66,death,frog died
66,predator_kill,frog eaten
66,death,frog died
66,death,frog died
66,death,frog died
66,death,frog died
66,death,frog died
66,death,frog died
66,death,frog died
66,death,frog died
66,death,frog died
66,death,frog died
66,death,frog died
66,death,frog died
66,death,frog died
66,death,frog died
66,death,frog died
66,death,frog died
66,death,frog died
66,death,frog died
66,death,frog died
66,death,frog died
66,death,frog died
66,death,frog died
66,predator_kill,frog eaten
66,death,frog died
67,death,frog died
67,death,frog died
67,death,frog died
67,death,frog died
67,death,frog died
67,death,frog died
67,death,frog died
67,death,frog died
68,death,frog died
68,death,frog died
68,death,frog died
68,death,frog died
68,death,frog died
68,death,frog died
68,death,frog died
68,death,frog died
68,death,frog died
68,predator_kill,frog eaten
68,death,frog died
69,death,frog died
69,death,frog died
69,death,frog died
69,death,frog died
70,predator_kill,frog eaten
70,death,frog died
70,death,frog died
70,death,frog died
70,death,frog died
70,death,frog died
70,death,frog died
70,death,frog died
70,death,frog died
70,death,frog died
71,death,frog died
71,death,frog died
71,death,frog died
71,death,frog died
71,death,frog died
71,death,frog died
71,death,frog died
71,death,frog died
71,death,frog died
71,death,frog died
71,death,frog died
73,death,frog died
74,death,frog died
76,death,frog died
77,death,frog died
78,death,frog died
79,death,frog died
83,death,frog died
83,death,frog died
84,death,frog died
85,birth,new frog
85,birth,new frog
85,birth,new frog
85,birth,new frog
85,birth,new frog
85,birth,new frog
85,birth,new frog
85,birth,new frog
85,birth,new frog
85,birth,new frog
85,death,frog died
85,birth,new frog
85,birth,new frog
85,birth,new frog
85,birth,new frog
85,death,frog died
85,birth,new frog
85,birth,new frog
85,birth,new frog
85,birth,new frog
85,birth,new frog
85,birth,new frog
85,birth,new frog
85,birth,new frog
85,predator_kill,frog eaten
85,death,frog died
86,birth,new frog
86,birth,new frog
86,birth,new frog
86,birth,new frog
86,birth,new frog
86,birth,new frog
86,birth,new frog
86,birth,new frog
86,birth,new frog
86,birth,new frog
86,birth,new frog
86,birth,new frog
86,birth,new frog
86,birth,new frog
86,birth,new frog
86,birth,new frog
86,birth,new frog
86,birth,new frog
86,birth,new frog
86,birth,new frog
86,birth,new frog
86,birth,new frog
86,birth,new frog
86,birth,new frog
87,birth,new frog
87,birth,new frog
87,birth,new frog
87,birth,new frog
87,birth,new frog
87,birth,new frog
87,birth,new frog
87,birth,new frog
87,birth,new frog
87,birth,new frog
87,birth,new frog
87,birth,new frog
87,birth,new frog
87,birth,new frog
87,birth,new frog
87,birth,new frog
87,birth,new frog
87,birth,new frog
87,birth,new frog
87,birth,new frog
87,birth,new frog
87,birth,new frog
87,birth,new frog
87,birth,new frog
88,birth,new frog
88,birth,new frog
88,birth,new frog
88,birth,new frog
88,birth,new frog
88,birth,new frog
88,birth,new frog
88,birth,new frog
88,birth,new frog
88,birth,new frog
88,birth,new frog
88,birth,new frog
88,birth,new frog
88,birth,new frog
88,birth,new frog
88,predator_kill,frog eaten
88,birth,new frog
88,death,frog died
88,birth,new frog
88,birth,new frog
88,birth,new frog
88,birth,new frog
88,birth,new frog
88,birth,new frog
88,birth,new frog
88,birth,new frog
89,birth,new frog
89,birth,new frog
89,birth,new frog
89,birth,new frog
89,birth,new frog
89,birth,new frog
89,birth,new frog
89,birth,new frog
89,birth,new frog
89,birth,new frog
89,birth,new frog
89,birth,new frog
89,birth,new frog
89,birth,new frog
89,birth,new frog
89,birth,new frog
89,birth,new frog
89,birth,new frog
89,birth,new frog
90,birth,new frog
90,birth,new frog
90,birth,new frog
90,birth,new frog
90,birth,new frog
90,birth,new frog
90,birth,new frog
90,birth,new frog
90,birth,new frog
90,birth,new frog
90,birth,new frog
90,birth,new frog
90,birth,new frog
90,birth,new frog
90,birth,new frog
90,death,frog died
90,birth,new frog
90,birth,new frog
90,birth,new frog
90,birth,new frog
90,birth,new frog
91,birth,new frog
91,birth,new frog
91,birth,new frog
91,birth,new frog
91,birth,new frog
91,birth,new frog
91,birth,new frog
91,birth,new frog
91,birth,new frog
91,birth,new frog
91,birth,new frog
91,birth,new frog
91,predator_kill,frog eaten
91,birth,new frog
91,death,frog died
91,birth,new frog
91,birth,new frog
91,birth,new frog
91,birth,new frog
91,birth,new frog
91,death,frog died
91,birth,new frog
91,birth,new frog
91,birth,new frog
92,birth,new frog
92,birth,new frog
92,birth,new frog
92,birth,new frog
92,birth,new frog
92,birth,new frog
92,birth,new frog
92,birth,new frog
92,birth,new frog
92,birth,new frog
92,birth,new frog
92,death,frog died
92,birth,new frog
92,birth,new frog
92,birth,new frog
92,birth,new frog
92,birth,new frog
92,birth,new frog
92,birth,new frog
92,birth,new frog
92,birth,new frog
92,birth,new frog
93,birth,new frog
93,birth,new frog
93,birth,new frog
93,birth,new frog
93,birth,new frog
93,birth,new frog
93,birth,new frog
93,birth,new frog
93,birth,new frog
93,birth,new frog
93,birth,new frog
93,birth,new frog
93,birth,new frog
93,birth,new frog
93,birth,new frog
93,birth,new frog
93,birth,new frog
93,birth,new frog
93,birth,new frog
93,birth,new frog
93,birth,new frog
93,birth,new frog
93,birth,new frog
93,predator_kill,frog eaten
93,death,frog died
94,birth,new frog
94,birth,new frog
94,birth,new frog
94,birth,new frog
94,birth,new frog
94,birth,new frog
94,birth,new frog
94,birth,new frog
94,birth,new frog
94,birth,new frog
94,birth,new frog
94,birth,new frog
94,birth,new frog
94,birth,new frog
94,birth,new frog
94,birth,new frog
94,death,frog died
94,birth,new frog
94,birth,new frog
94,birth,new frog
94,birth,new frog
94,birth,new frog
94,predator_kill,frog eaten
94,death,frog died
95,birth,new frog
95,birth,new frog
95,birth,new frog
95,birth,new frog
95,birth,new frog
95,birth,new frog
95,birth,new frog
95,birth,new frog
95,birth,new frog
95,birth,new frog
95,birth,new frog
95,birth,new frog
95,death,frog died
95,birth,new frog
95,birth,new frog
95,birth,new frog
95,birth,new frog
95,birth,new frog
95,birth,new frog
95,predator_kill,frog eaten
95,death,frog died
96,death,frog died
96,birth,new frog
96,death,frog died
96,birth,new frog
96,death,frog died
96,birth,new frog
96,death,frog died
96,birth,new frog
96,death,frog died
96,birth,new frog
96,death,frog died
96,death,frog died
96,birth,new frog
96,death,frog died
96,death,frog died
96,birth,new frog
96,death,frog died
96,birth,new frog
96,death,frog died
96,death,frog died
96,birth,new frog
96,birth,new frog
96,birth,new frog
96,birth,new frog
96,birth,new frog
96,birth,new frog
96,birth,new frog
96,birth,new frog
96,predator_kill,frog eaten
96,death,frog died
97,death,frog died
97,death,frog died
97,death,frog died
97,death,frog died
97,death,frog died
97,predator_kill,frog eaten
97,death,frog died
97,predator_kill,frog eaten
97,death,frog died
97,death,frog died
99,death,frog died
99,predator_kill,frog eaten
99,death,frog died
99,predator_kill,frog eaten
99,death,frog died
101,death,frog died
101,death,frog died
101,death,frog died
101,death,frog died
101,death,frog died
101,death,frog died
101,death,frog died
101,predator_kill,frog eaten
101,death,frog died
101,predator_kill,frog eaten
101,death,frog died
101,predator_kill,frog eaten
101,death,frog died
101,predator_kill,frog eaten
101,death,frog died
102,death,frog died
102,death,frog died
102,death,frog died
102,death,frog died
102,death,frog died
102,death,frog died
102,death,frog died
102,death,frog died
102,death,frog died
102,death,frog died
102,death,frog died
102,death,frog died
102,death,frog died
102,death,frog died
102,death,frog died
102,death,frog died
102,death,frog died
102,death,frog died
102,death,frog died
102,death,frog died
102,death,frog died
102,death,frog died
102,predator_kill,frog eaten
102,death,frog died
102,predator_kill,frog eaten
102,death,frog died
103,death,frog died
103,death,frog died
103,death,frog died
103,death,frog died
103,death,frog died
103,death,frog died
103,death,frog died
103,death,frog died
103,death,frog died
103,death,frog died
103,death,frog died
103,death,frog died
103,death,frog died
103,death,frog died
103,death,frog died
103,death,frog died
103,death,frog died
103,death,frog died
103,death,frog died
103,death,frog died
103,death,frog died
104,death,frog died
104,death,frog died
104,death,frog died
104,death,frog died
104,death,frog died
104,death,frog died
104,death,frog died
104,death,frog died
104,death,frog died
104,death,frog died
104,death,frog died
104,death,frog died
104,death,frog died
104,death,frog died
104,death,frog died
104,death,frog died
104,death,frog died
104,death,frog died
104,death,frog died
105,death,frog died
105,death,frog died
105,death,frog died
105,death,frog died
105,death,frog died
105,death,frog died
105,death,frog died
105,death,frog died
105,death,frog died
105,death,frog died
105,death,frog died
105,death,frog died
105,death,frog died
105,death,frog died
105,death,frog died
105,death,frog died
105,death,frog died
105,death,frog died
105,death,frog died
105,death,frog died
106,death,frog died
106,death,frog died
106,death,frog died
106,death,frog died
106,death,frog died
106,death,frog died
106,death,frog died
106,death,frog died
106,death,frog died
106,death,frog died
106,death,frog died
106,death,frog died
106,death,frog died
106,death,frog died
106,death,frog died
106,death,frog died
106,death,frog died
106,death,frog died
106,death,frog died
106,death,frog died
106,death,frog died
106,death,frog died
107,predator_kill,frog eaten
107,death,frog died
107,death,frog died
107,death,frog died
107,death,frog died
107,death,frog died
107,death,frog died
107,predator_kill,frog eaten
107,death,frog died
107,death,frog died
107,death,frog died
107,death,frog died
107,death,frog died
107,death,frog died
107,death,frog died
107,death,frog died
107,death,frog died
107,death,frog died
107,death,frog died
107,death,frog died
108,death,frog died
108,death,frog died
108,death,frog died
108,death,frog died
108,death,frog died
108,death,frog died
108,death,frog died
108,death,frog died
108,death,frog died
108,death,frog died
108,death,frog died
108,death,frog died
108,death,frog died
108,death,frog died
108,death,frog died
108,death,frog died
108,death,frog died
108,death,frog died
108,death,frog died
108,death,frog died
108,death,frog died
108,death,frog died
108,death,frog died
109,death,frog died
109,death,frog died
109,death,frog died
109,death,frog died
109,death,frog died
109,death,frog died
109,death,frog died
109,death,frog died
109,death,frog died
109,death,frog died
109,death,frog died
109,death,frog died
109,death,frog died
109,death,frog died
109,death,frog died
109,death,frog died
109,death,frog died
109,death,frog died
109,death,frog died
109,death,frog died
110,death,frog died
110,death,frog died
110,death,frog died
110,death,frog died
110,death,frog died
110,death,frog died
110,death,frog died
110,death,frog died
110,death,frog died
110,death,frog died
110,death,frog died
110,death,frog died
110,death,frog died
111,death,frog died
111,death,frog died
111,death,frog died
111,death,frog died
111,death,frog died
111,death,frog died
111,death,frog died
111,death,frog died
111,death,frog died
111,death,frog died
111,death,frog died
111,death,frog died
111,death,frog died
111,death,frog died
111,death,frog died
111,death,frog died
115,death,frog died
115,death,frog died
116,predator_kill,frog eaten
116,death,frog died
120,death,frog died
122,death,frog died
123,death,frog died
124,death,frog died
125,birth,new frog
125,birth,new frog
125,birth,new frog
125,birth,new frog
125,birth,new frog
125,birth,new frog
125,birth,new frog
125,birth,new frog
125,birth,new frog
125,birth,new frog
125,birth,new frog
125,birth,new frog
125,birth,new frog
125,birth,new frog
125,birth,new frog
125,birth,new frog
125,birth,new frog
125,birth,new frog
125,birth,new frog
125,birth,new frog
125,birth,new frog
125,birth,new frog
125,birth,new frog
125,birth,new frog
125,birth,new frog
125,birth,new frog
125,birth,new frog
125,birth,new frog
126,birth,new frog
126,birth,new frog
126,birth,new frog
126,birth,new frog
126,birth,new frog
126,birth,new frog
126,birth,new frog
126,birth,new frog
126,birth,new frog
126,birth,new frog
126,birth,new frog
126,birth,new frog
126,birth,new frog
126,birth,new frog
126,birth,new frog
126,birth,new frog
126,birth,new frog
126,birth,new frog
126,birth,new frog
126,birth,new frog
126,birth,new frog
126,birth,new frog
126,birth,new frog
126,birth,new frog
126,birth,new frog
126,birth,new frog
127,birth,new frog
127,birth,new frog
127,birth,new frog
127,birth,new frog
127,birth,new frog
127,birth,new frog
127,birth,new frog
127,death,frog died
127,birth,new frog
127,birth,new frog
127,birth,new frog
127,birth,new frog
127,birth,new frog
127,birth,new frog
127,birth,new frog
127,birth,new frog
127,birth,new frog
127,birth,new frog
127,birth,new frog
127,birth,new frog
127,birth,new frog
127,birth,new frog
127,birth,new frog
127,birth,new frog
127,birth,new frog
127,birth,new frog
127,birth,new frog
128,birth,new frog
128,birth,new frog
128,birth,new frog
128,birth,new frog
128,birth,new frog
128,birth,new frog
128,birth,new frog
128,birth,new frog
128,birth,new frog
128,birth,new frog
128,birth,new frog
128,birth,new frog
128,birth,new frog
128,birth,new frog
128,birth,new frog
128,birth,new frog
128,death,frog died
128,birth,new frog
128,birth,new frog
128,birth,new frog
128,birth,new frog
128,birth,new frog
129,birth,new frog
129,birth,new frog
129,birth,new frog
129,birth,new frog
129,birth,new frog
129,birth,new frog
129,birth,new frog
129,birth,new frog
129,birth,new frog
129,birth,new frog
129,birth,new frog
129,birth,new frog
129,birth,new frog
129,birth,new frog
129,birth,new frog
129,birth,new frog
129,birth,new frog
129,birth,new frog
129,birth,new frog
129,birth,new frog
129,birth,new frog
129,birth,new frog
129,birth,new frog
129,birth,new frog
129,birth,new frog
129,birth,new frog
129,birth,new frog
129,birth,new frog
130,birth,new frog
130,birth,new frog
130,birth,new frog
130,death,frog died
130,birth,new frog
130,birth,new frog
130,birth,new frog
130,birth,new frog
130,birth,new frog
130,birth,new frog
130,birth,new frog
130,birth,new frog
130,birth,new frog
130,birth,new frog
130,birth,new frog
130,birth,new frog
130,birth,new frog
130,birth,new frog
130,birth,new frog
130,birth,new frog
130,birth,new frog
130,birth,new frog
130,birth,new frog
130,birth,new frog
130,birth,new frog
131,birth,new frog
131,birth,new frog
131,birth,new frog
131,birth,new frog
131,birth,new frog
131,birth,new frog
131,birth,new frog
131,birth,new frog
131,birth,new frog
131,birth,new frog
131,birth,new frog
131,birth,new frog
131,birth,new frog
131,birth,new frog
131,birth,new frog
131,birth,new frog
131,birth,new frog
131,birth,new frog
131,birth,new frog
131,birth,new frog
131,birth,new frog
131,birth,new frog
131,birth,new frog
131,predator_kill,frog eaten
131,death,frog died
131,death,frog died
131,predator_kill,frog eaten
131,death,frog died
131,predator_kill,frog eaten
131,death,frog died
132,birth,new frog
132,birth,new frog
132,birth,new frog
132,birth,new frog
132,birth,new frog
132,birth,new frog
132,birth,new frog
132,birth,new frog
132,birth,new frog
132,birth,new frog
132,birth,new frog
132,birth,new frog
132,birth,new frog
132,death,frog died
132,birth,new frog
132,birth,new frog
132,birth,new frog
132,birth,new frog
132,birth,new frog
132,birth,new frog
132,birth,new frog
132,birth,new frog
132,birth,new frog
132,birth,new frog
132,birth,new frog
132,birth,new frog
133,birth,new frog
133,birth,new frog
133,birth,new frog
133,birth,new frog
133,birth,new frog
133,birth,new frog
133,birth,new frog
133,birth,new frog
133,birth,new frog
133,birth,new frog
133,birth,new frog
133,birth,new frog
133,birth,new frog
133,birth,new frog
133,death,frog died
133,birth,new frog
133,birth,new frog
133,birth,new frog
133,birth,new frog
133,birth,new frog
133,birth,new frog
133,birth,new frog
134,birth,new frog
134,birth,new frog
134,birth,new frog
134,birth,new frog
134,birth,new frog
134,birth,new frog
134,birth,new frog
134,death,frog died
134,birth,new frog
134,birth,new frog
134,birth,new frog
134,birth,new frog
134,birth,new frog
134,birth,new frog
134,birth,new frog
134,birth,new frog
134,death,frog died
134,birth,new frog
134,birth,new frog
134,birth,new frog
134,birth,new frog
134,birth,new frog
134,death,frog died
134,predator_kill,frog eaten
134,death,frog died
135,birth,new frog
135,birth,new frog
135,birth,new frog
135,birth,new frog
135,birth,new frog
135,birth,new frog
135,birth,new frog
135,birth,new frog
135,birth,new frog
135,birth,new frog
135,birth,new frog
135,birth,new frog
135,birth,new frog
135,birth,new frog
135,birth,new frog
135,birth,new frog
135,birth,new frog
135,birth,new frog
135,birth,new frog
135,birth,new frog
135,death,frog died
135,death,frog died
135,death,frog died
136,death,frog died
136,birth,new frog
136,death,frog died
136,birth,new frog
136,death,frog died
136,birth,new frog
136,death,frog died
136,birth,new frog
136,death,frog died
136,death,frog died
136,death,frog died
136,birth,new frog
136,death,frog died
136,death,frog died
136,birth,new frog
136,death,frog died
136,death,frog died
136,birth,new frog
136,death,frog died
136,birth,new frog
136,birth,new frog
136,birth,new frog
136,birth,new frog
136,death,frog died
136,birth,new frog
136,birth,new frog
136,birth,new frog
136,birth,new frog
136,birth,new frog
136,birth,new frog
136,predator_kill,frog eaten
136,death,frog died
136,death,frog died
136,predator_kill,frog eaten
136,death,frog died
137,death,frog died
137,death,frog died
137,death,frog died
137,death,frog died
137,death,frog died
137,death,frog died
137,death,frog died
137,death,frog died
137,death,frog died
137,death,frog died
137,predator_kill,frog eaten
137,death,frog died
138,predator_kill,frog eaten
138,death,frog died
138,death,frog died
138,predator_kill,frog eaten
138,death,frog died
138,predator_kill,frog eaten
138,death,frog died
140,death,frog died
141,death,frog died
141,death,frog died
141,death,frog died
141,death,frog died
141,death,frog died
141,death,frog died
141,death,frog died
141,death,frog died
141,death,frog died
141,death,frog died
141,death,frog died
141,predator_kill,frog eaten
141,death,frog died
141,predator_kill,frog eaten
141,death,frog died
141,predator_kill,frog eaten
141,death,frog died
141,predator_kill,frog eaten
141,death,frog died
142,death,frog died
142,death,frog died
142,death,frog died
142,death,frog died
142,death,frog died
142,death,frog died
142,death,frog died
142,death,frog died
142,death,frog died
142,death,frog died
142,death,frog died
142,death,frog died
142,death,frog died
142,death,frog died
142,death,frog died
142,death,frog died
142,death,frog died
142,death,frog died
142,death,frog died
142,death,frog died
142,death,frog died
142,death,frog died
142,death,frog died
142,death,frog died
143,death,frog died
143,death,frog died
143,death,frog died
143,death,frog died
143,death,frog died
143,death,frog died
143,death,frog died
143,death,frog died
143,death,frog died
143,death,frog died
143,death,frog died
143,death,frog died
143,death,frog died
143,death,frog died
143,death,frog died
143,death,frog died
143,death,frog died
143,death,frog died
143,death,frog died
143,death,frog died
143,death,frog died
143,death,frog died
143,death,frog died
143,death,frog died
144,death,frog died
144,death,frog died
144,death,frog died
144,death,frog died
144,death,frog died
144,death,frog died
144,death,frog died
144,death,frog died
144,death,frog died
144,death,frog died
144,death,frog died
144,death,frog died
144,death,frog died
144,death,frog died
144,death,frog died
144,death,frog died
144,death,frog died
144,death,frog died
144,death,frog died
144,death,frog died
144,death,frog died
144,death,frog died
144,death,frog died
144,death,frog died
144,death,frog died
145,death,frog died
145,death,frog died
145,death,frog died
145,death,frog died
145,death,frog died
145,death,frog died
145,death,frog died
145,death,frog died
145,death,frog died
145,death,frog died
145,death,frog died
145,death,frog died
145,death,frog died
145,death,frog died
145,death,frog died
145,death,frog died
145,death,frog died
145,death,frog died
145,death,frog died
145,death,frog died
145,death,frog died
145,death,frog died
145,death,frog died
145,death,frog died
145,predator_kill,frog eaten
145,death,frog died
145,death,frog died
146,death,frog died
146,death,frog died
146,death,frog died
146,death,frog died
146,death,frog died
146,death,frog died
146,death,frog died
146,death,frog died
146,death,frog died
146,death,frog died
146,death,frog died
146,death,frog died
146,death,frog died
146,death,frog died
146,death,frog died
146,death,frog died
146,death,frog died
146,death,frog died
147,death,frog died
147,death,frog died
147,death,frog died
147,death,frog died
147,death,frog died
147,death,frog died
147,death,frog died
147,death,frog died
147,death,frog died
147,death,frog died
147,death,frog died
147,death,frog died
147,death,frog died
147,death,frog died
147,death,frog died
147,death,frog died
147,death,frog died
147,death,frog died
147,death,frog died
147,death,frog died
147,death,frog died
147,death,frog died
147,death,frog died
148,death,frog died
148,death,frog died
148,death,frog died
148,death,frog died
148,death,frog died
148,death,frog died
148,death,frog died
148,death,frog died
148,death,frog died
148,death,frog died
148,death,frog died
148,death,frog died
148,death,frog died
148,death,frog died
148,death,frog died
148,death,frog died
149,death,frog died
149,death,frog died
149,death,frog died
149,death,frog died
149,death,frog died
149,death,frog died
149,death,frog died
149,death,frog died
149,death,frog died
149,death,frog died
149,death,frog died
149,death,frog died
149,death,frog died
149,death,frog died
149,death,frog died
149,death,frog died
149,death,frog died
150,death,frog died
150,death,frog died
150,death,frog died
150,death,frog died
150,death,frog died
150,death,frog died
150,death,frog died
150,death,frog died
150,death,frog died
150,death,frog died
150,death,frog died
150,death,frog died
150,death,frog died
150,death,frog died
150,death,frog died
150,death,frog died
150,death,frog died
150,death,frog died
150,death,frog died
150,death,frog died
151,death,frog died
151,death,frog died
151,death,frog died
151,death,frog died
151,death,frog died
151,death,frog died
151,death,frog died
151,death,frog died
151,death,frog died
151,death,frog died
151,death,frog died
151,death,frog died
151,death,frog died
151,death,frog died
151,death,frog died
153,death,frog died
153,death,frog died
153,death,frog died
153,death,frog died
155,death,frog died
155,predator_kill,frog eaten
155,death,frog died
156,death,frog died
157,death,frog died
158,death,frog died
159,death,frog died
159,death,frog died
162,death,frog died
164,death,frog died
164,death,frog died
165,birth,new frog
165,birth,new frog
165,birth,new frog
165,birth,new frog
165,birth,new frog
165,birth,new frog
165,birth,new frog
165,birth,new frog
165,birth,new frog
165,birth,new frog
165,birth,new frog
165,birth,new frog
165,birth,new frog
165,birth,new frog
165,birth,new frog
165,birth,new frog
165,birth,new frog
165,birth,new frog
165,birth,new frog
165,birth,new frog
165,birth,new frog
165,birth,new frog
166,birth,new frog
166,birth,new frog
166,birth,new frog
166,birth,new frog
166,birth,new frog
166,birth,new frog
166,birth,new frog
166,birth,new frog
166,birth,new frog
166,birth,new frog
166,birth,new frog
166,birth,new frog
166,birth,new frog
166,birth,new frog
166,birth,new frog
166,birth,new frog
166,birth,new frog
166,birth,new frog
166,birth,new frog
166,birth,new frog
166,birth,new frog
167,birth,new frog
167,birth,new frog
167,birth,new frog
167,birth,new frog
167,birth,new frog
167,birth,new frog
167,birth,new frog
167,birth,new frog
167,birth,new frog
167,birth,new frog
167,birth,new frog
167,birth,new frog
167,birth,new frog
167,birth,new frog
167,birth,new frog
167,birth,new frog
167,birth,new frog
167,birth,new frog
167,birth,new frog
167,predator_kill,frog eaten
167,birth,new frog
167,death,frog died
167,birth,new frog
168,birth,new frog
168,birth,new frog
168,birth,new frog
168,birth,new frog
168,birth,new frog
168,birth,new frog
168,birth,new frog
168,birth,new frog
168,birth,new frog
168,birth,new frog
168,birth,new frog
168,birth,new frog
168,birth,new frog
168,birth,new frog
168,birth,new frog
168,birth,new frog
168,birth,new frog
168,birth,new frog
168,birth,new frog
168,birth,new frog
168,birth,new frog
169,birth,new frog
169,birth,new frog
169,birth,new frog
169,birth,new frog
169,birth,new frog
169,birth,new frog
169,birth,new frog
169,death,frog died
169,birth,new frog
169,birth,new frog
169,birth,new frog
169,birth,new frog
169,birth,new frog
169,birth,new frog
169,birth,new frog
169,birth,new frog
169,birth,new frog
169,birth,new frog
169,birth,new frog
169,birth,new frog
169,birth,new frog
169,birth,new frog
169,birth,new frog
169,death,frog died
169,birth,new frog
169,birth,new frog
169,birth,new frog
169,birth,new frog
169,birth,new frog
169,birth,new frog
170,birth,new frog
170,birth,new frog
170,birth,new frog
170,birth,new frog
170,birth,new frog
170,birth,new frog
170,birth,new frog
170,birth,new frog
170,birth,new frog
170,birth,new frog
170,birth,new frog
170,death,frog died
170,birth,new frog
170,birth,new frog
170,birth,new frog
170,birth,new frog
170,birth,new frog
170,birth,new frog
170,birth,new frog
170,birth,new frog
170,birth,new frog
170,birth,new frog
170,birth,new frog
170,birth,new frog
170,birth,new frog
170,death,frog died
170,birth,new frog
170,birth,new frog
171,birth,new frog
171,birth,new frog
171,birth,new frog
171,birth,new frog
171,birth,new frog
171,birth,new frog
171,birth,new frog
171,birth,new frog
171,birth,new frog
171,birth,new frog
171,birth,new frog
171,birth,new frog
171,birth,new frog
171,birth,new frog
171,birth,new frog
171,birth,new frog
171,birth,new frog
171,birth,new frog
171,birth,new frog
171,birth,new frog
171,birth,new frog
171,birth,new frog
171,birth,new frog
172,birth,new frog
172,birth,new frog
172,birth,new frog
172,birth,new frog
172,birth,new frog
172,birth,new frog
172,birth,new frog
172,birth,new frog
172,birth,new frog
172,birth,new frog
172,birth,new frog
172,birth,new frog
172,birth,new frog
172,birth,new frog
172,birth,new frog
172,birth,new frog
172,birth,new frog
172,birth,new frog
172,birth,new frog
172,death,frog died
172,birth,new frog
172,birth,new frog
172,birth,new frog
172,birth,new frog
173,birth,new frog
173,birth,new frog
173,birth,new frog
173,birth,new frog
173,birth,new frog
173,birth,new frog
173,birth,new frog
173,birth,new frog
173,birth,new frog
173,birth,new frog
173,birth,new frog
173,birth,new frog
173,birth,new frog
173,birth,new frog
173,birth,new frog
173,birth,new frog
173,predator_kill,frog eaten
173,death,frog died
174,birth,new frog
174,birth,new frog
174,birth,new frog
174,birth,new frog
174,birth,new frog
174,birth,new frog
174,birth,new frog
174,birth,new frog
174,birth,new frog
174,birth,new frog
174,birth,new frog
174,birth,new frog
174,birth,new frog
174,birth,new frog
174,death,frog died
174,birth,new frog
174,birth,new frog
174,birth,new frog
174,birth,new frog
174,birth,new frog
174,birth,new frog
174,birth,new frog
175,birth,new frog
175,birth,new frog
175,birth,new frog
175,birth,new frog
175,birth,new frog
175,birth,new frog
175,birth,new frog
175,birth,new frog
175,birth,new frog
175,birth,new frog
175,birth,new frog
175,birth,new frog
175,birth,new frog
175,birth,new frog
175,birth,new frog
175,birth,new frog
175,birth,new frog
175,birth,new frog
175,birth,new frog
175,birth,new frog
175,birth,new frog
175,birth,new frog
175,birth,new frog
176,birth,new frog
176,death,frog died
176,birth,new frog
176,death,frog died
176,birth,new frog
176,death,frog died
176,birth,new frog
176,death,frog died
176,birth,new frog
176,death,frog died
176,birth,new frog
176,death,frog died
176,birth,new frog
176,death,frog died
176,death,frog died
176,birth,new frog
176,death,frog died
176,birth,new frog
176,death,frog died
176,birth,new frog
176,death,frog died
176,death,frog died
176,birth,new frog
176,death,frog died
176,birth,new frog
176,death,frog died
176,birth,new frog
176,birth,new frog
176,death,frog died
176,birth,new frog
176,birth,new frog
176,birth,new frog
176,birth,new frog
176,predator_kill,frog eaten
176,death,frog died
176,death,frog died
177,death,frog died
177,death,frog died
177,death,frog died
177,death,frog died
177,death,frog died
177,death,frog died
178,predator_kill,frog eaten
178,death,frog died
178,predator_kill,frog eaten
178,death,frog died
178,death,frog died
179,predator_kill,frog eaten
179,death,frog died
179,death,frog died
180,death,frog died
180,predator_kill,frog eaten
180,death,frog died
180,death,frog died
180,predator_kill,frog eaten
180,death,frog died
181,predator_kill,frog eaten
181,death,frog died
181,death,frog died
181,death,frog died
182,death,frog died
182,death,frog died
182,death,frog died
182,death,frog died
182,death,frog died
182,death,frog died
182,death,frog died
182,death,frog died
182,death,frog died
182,death,frog died
182,death,frog died
182,death,frog died
182,death,frog died
182,death,frog died
182,death,frog died
182,death,frog died
182,death,frog died
182,death,frog died
182,death,frog died
182,death,frog died
182,death,frog died
182,predator_kill,frog eaten
182,death,frog died
182,predator_kill,frog eaten
182,death,frog died
182,death,frog died
183,death,frog died
183,death,frog died
183,death,frog died
183,death,frog died
183,death,frog died
183,death,frog died
183,death,frog died
183,death,frog died
183,death,frog died
183,death,frog died
183,death,frog died
183,death,frog died
183,death,frog died
183,death,frog died
183,death,frog died
183,death,frog died
183,death,frog died
183,death,frog died
183,death,frog died
184,death,frog died
184,death,frog died
184,death,frog died
184,death,frog died
184,death,frog died
184,death,frog died
184,death,frog died
184,death,frog died
184,death,frog died
184,death,frog died
184,death,frog died
184,death,frog died
184,death,frog died
184,death,frog died
184,death,frog died
184,death,frog died
184,death,frog died
184,death,frog died
184,death,frog died
184,death,frog died
184,death,frog died
184,death,frog died
184,death,frog died
184,death,frog died
184,death,frog died
184,death,frog died
184,predator_kill,frog eaten
184,death,frog died
184,death,frog died
185,death,frog died
185,predator_kill,frog eaten
185,death,frog died
185,death,frog died
185,death,frog died
185,death,frog died
185,death,frog died
185,death,frog died
185,death,frog died
185,death,frog died
185,death,frog died
185,death,frog died
185,death,frog died
185,death,frog died
185,death,frog died
185,death,frog died
185,death,frog died
185,death,frog died
185,death,frog died
185,death,frog died
185,death,frog died
185,death,frog died
185,death,frog died
185,death,frog died
185,death,frog died
186,predator_kill,frog eaten
186,death,frog died
186,death,frog died
186,death,frog died
186,death,frog died
186,death,frog died
186,death,frog died
186,death,frog died
186,death,frog died
186,death,frog died
186,death,frog died
186,death,frog died
186,death,frog died
186,death,frog died
186,death,frog died
186,death,frog died
186,death,frog died
186,death,frog died
186,death,frog died
186,death,frog died
186,death,frog died
186,predator_kill,frog eaten
186,death,frog died
187,death,frog died
187,death,frog died
187,death,frog died
187,death,frog died
187,death,frog died
187,death,frog died
187,death,frog died
187,death,frog died
187,death,frog died
187,death,frog died
187,death,frog died
187,death,frog died
187,death,frog died
187,death,frog died
187,death,frog died
187,death,frog died
187,death,frog died
187,death,frog died
187,death,frog died
187,death,frog died
187,death,frog died
188,death,frog died
188,death,frog died
188,death,frog died
188,death,frog died
188,death,frog died
188,death,frog died
188,death,frog died
188,death,frog died
188,death,frog died
188,death,frog died
188,death,frog died
188,death,frog died
188,death,frog died
188,death,frog died
188,death,frog died
189,death,frog died
189,death,frog died
189,death,frog died
189,death,frog died
189,death,frog died
189,death,frog died
189,death,frog died
189,death,frog died
189,death,frog died
189,death,frog died
189,death,frog died
189,death,frog died
189,death,frog died
189,death,frog died
189,death,frog died
189,death,frog died
189,death,frog died
189,death,frog died
189,death,frog died
189,death,frog died
190,predator_kill,frog eaten
190,death,frog died
190,predator_kill,frog eaten
190,death,frog died
190,death,frog died
190,death,frog died
190,death,frog died
190,death,frog died
190,death,frog died
190,death,frog died
190,death,frog died
190,death,frog died
190,death,frog died
190,death,frog died
190,death,frog died
190,death,frog died
190,death,frog died
190,death,frog died
190,death,frog died
190,death,frog died
190,death,frog died
190,death,frog died
190,death,frog died
191,death,frog died
191,death,frog died
191,death,frog died
191,death,frog died
191,death,frog died
191,death,frog died
191,death,frog died
191,death,frog died
191,death,frog died
191,death,frog died
191,death,frog died
191,death,frog died
191,death,frog died
191,death,frog died
191,death,frog died
191,death,frog died
191,death,frog died
193,predator_kill,frog eaten
193,death,frog died
194,death,frog died
198,predator_kill,frog eaten
198,death,frog died
198,predator_kill,frog eaten
198,death,frog died
199,death,frog died
